{"cameraMode":{"drawMode":0,"name":"Shaded","section":"Shading Mode"},"sceneLighting":true,"audioPlay":false,"sceneViewState":{"m_AlwaysRefresh":false,"showFog":true,"showSkybox":true,"showFlares":true,"showImageEffects":true,"showParticleSystems":true,"showVisualEffectGraphs":true,"m_FxEnabled":true},"in2DMode":false,"pivot":{"x":-8.045937538146973,"y":1.0468581914901734,"z":12.478939056396485},"rotation":{"x":0.012752854265272618,"y":-0.498111754655838,"z":-0.007293235510587692,"w":-0.8671402335166931},"size":0.8660253882408142,"orthographic":false}