{"cameraMode":{"drawMode":0,"name":"Shaded","section":"Shading Mode"},"sceneLighting":true,"audioPlay":false,"sceneViewState":{"m_AlwaysRefresh":false,"showFog":true,"showSkybox":true,"showFlares":true,"showImageEffects":true,"showParticleSystems":true,"showVisualEffectGraphs":true,"m_FxEnabled":true},"in2DMode":false,"pivot":{"x":0.14406491816043855,"y":0.17720100283622743,"z":-7.879096508026123},"rotation":{"x":0.029960840940475465,"y":0.6091857552528381,"z":-0.023056786507368089,"w":0.7922684550285339},"size":1.46615469455719,"orthographic":false}